OLD_ADDR,longitude,latitude,SBWY_ROUT_LN,SBWY_STNS_NM,ROAD_NM_ADDR,TELNO
서울특별시 중구 남대문로5가 73-6 서울역(1호선),126.97254323694754,37.55702928798156,1호선,서울,서울특별시 중구 세종대로 지하2(남대문로 5가),02-6110-1331
서울특별시 중구 정동 5-5 시청역(1호선),126.97697862382535,37.56569908690188,1호선,시청,서울특별시 중구 세종대로 지하101(정동),02-6110-1321
서울특별시 종로구 종로1가 54 종각역(1호선),126.98199830931809,37.57022447270949,1호선,종각,서울특별시 종로구 종로 지하55(종로1가),02-6110-1311
서울특별시 종로구 종로3가 10-5 종로3가역(1호선),126.99111734324396,37.57051691866718,1호선,종로3가,서울특별시 종로구 종로 지하129(종로3가),02-6110-1301
서울특별시 종로구 종로5가 82-1 종로5가역(1호선),127.00169910366651,37.57112301607899,1호선,종로5가,서울특별시 종로구 종로 지하216(종로5가),02-6110-1291
서울특별시 종로구 창신동 492-1 동대문역(1호선),127.01124015955442,37.57178268570766,1호선,동대문,서울특별시 종로구 종로 지하302(창신동),02-6110-1281
서울특별시 동대문구 신설동 76-5 신설동역(1호선),127.02596646535295,37.576458754585715,1호선,신설동,서울특별시 동대문구 왕산로 지하1(신설동),02-6110-1261
서울특별시 동대문구 제기동 65 제기동역(1호선),127.04073554717593,37.57884778505583,1호선,제기동,서울특별시 동대문구 왕산로 지하93(제기동),02-6110-1251
서울특별시 동대문구 전농동 620-69 청량리역(1호선),127.0459491452024,37.57981456093725,1호선,청량리(서울시립대입구),서울특별시 동대문구 왕산로 지하205(전농동),02-6110-1241
서울특별시 종로구 숭인동 117 동묘앞역(1호선),127.01714657067426,37.57359173882301,1호선,동묘앞,서울특별시 종로구 종로 359(숭인동),02-6110-1271
서울특별시 중구 서소문동 90-1 시청역(2호선),126.97551892135382,37.5635628727694,2호선,시청,서울특별시 중구 서소문로 지하127(서소문동),02-6110-2011
서울특별시 중구 을지로1가 100-1 을지로입구역(2호선),126.98203655020706,37.566049006795595,2호선,을지로입구,서울특별시 중구 을지로 지하42(을지로1가),02-6110-2021
서울특별시 중구 을지로3가 347-3 을지로3가역(2호선),126.99022564320325,37.56621019286939,2호선,을지로3가,서울특별시 중구 을지로 지하106(을지로3가),02-6110-2031
서울특별시 중구 을지로4가 267-1 을지로4가역(2호선),126.99654329367644,37.56652833822377,2호선,을지로4가,서울특별시 중구 을지로 지하178(을지로4가),02-6110-2041
서울특별시 중구 을지로 7가 112-3 동대문역사문화공원역(2호선),127.0091431763642,37.565720149477436,2호선,동대문역사문화공원(DDP),서울특별시 중구 을지로 지하279(을지로7가),02-6110-2051
서울특별시 중구 신당동 99 신당역(2호선),127.01666489338176,37.56532457661295,2호선,신당,서울특별시 중구 퇴계로 지하431-1(신당동),02-6110-2061
서울특별시 성동구 하왕십리동 946-14 상왕십리역(2호선),127.02979849026428,37.56395875706231,2호선,상왕십리,서울특별시 성동구 왕십리로 지하374(하왕십리동),02-6110-2071
서울특별시 성동구 행당동 192 왕십리역(2호선),127.03714332055517,37.562613763158836,2호선,왕십리(성동구청),서울특별시 성동구 왕십리로 지하300(행당동),02-6110-2081
서울특별시 성동구 행당동 산17 한양대역(2호선),127.0424897521126,37.558425517748546,2호선,한양대,서울특별시 성동구 왕십리로 206(행당동),02-6110-2091
서울특별시 성동구 성수동2가 300-1 성수역(2호선),127.05697499996353,37.5446676579983,2호선,성수,서울특별시 성동구 아차산로 100(성수동2가),02-6110-2111
서울특별시 광진구 화양동 7-3 2호선 건대입구역(2호선),127.06900569903979,37.540810120399165,2호선,건대입구,서울특별시 광진구 아차산로 243(화양동),02-6110-2121
서울특별시 광진구 구의동 245-24 구의역(2호선),127.09076569612053,37.53832091995129,2호선,구의(광진구청),서울특별시 광진구 아차산로 384-1(구의동),02-6110-2131
서울특별시 광진구 구의동 546-6 강변역(2호선),127.0945513653893,37.53536788529187,2호선,강변(동서울터미널),서울특별시 광진구 강변역로 53(구의동),02-6110-2141
서울특별시 송파구 신천동 15 잠실나루역(2호선),127.10489876358551,37.51860475458906,2호선,잠실나루,서울특별시 송파구 오금로 20(신천동),02-6110-2151
서울특별시 송파구 신천동 8 잠실역(2호선),127.10213953457507,37.514055707469424,2호선,잠실(송파구청),서울특별시 송파구 올림픽로 지하265(신천동),02-6110-2161
서울특별시 송파구 잠실동 33 잠실새내역(2호선),127.09053465298614,37.5115977360373,2호선,잠실새내,서울특별시 송파구 올림픽로 지하140(잠실동),02-6110-2171
서울특별시 송파구 잠실동 122 종합운동장역(2호선),127.07431642424432,37.51111104682337,2호선,종합운동장,서울특별시 송파구 올림픽로 지하23(잠실동),02-6110-2181
서울특별시 강남구 삼성동 172-66 삼성역(2호선),127.05804519956439,37.50741516222575,2호선,삼성(무역센터),서울특별시 강남구 테헤란로 지하538(삼성동),02-6110-2191
서울특별시 강남구 삼성동 172-66 선릉역(2호선),127.05804519956439,37.50741516222575,2호선,선릉,서울특별시 강남구 테헤란로 지하340(삼성동),02-6110-2201
서울특별시 강남구 역삼동 804 역삼역(2호선),127.03826825217584,37.50124661553012,2호선,역삼,서울특별시 강남구 테헤란로 지하156(역삼동),02-6110-2211
서울특별시 강남구 역삼동 858 강남역(2호선),127.02825466705154,37.49690083197402,2호선,강남,서울특별시 강남구 강남대로 지하396(역삼동),02-6110-2221
서울특별시 서초구 서초동 1748-4 교대역(2호선),127.01732110864319,37.494869355779116,2호선,"교대(법원, 검찰청)",서울특별시 서초구 서초대로 지하294(서초동),02-6110-2231
서울특별시 서초구 서초동 1748-5 서초역(2호선),127.01056934732614,37.492795048568965,2호선,서초,서울특별시 서초구 서초대로 지하233(서초동),02-6110-2241
서울특별시 서초구 방배동 912-14 방배역(2호선),126.99734057563953,37.481340458496646,2호선,방배,서울특별시 서초구 방배로 지하80(방배동),02-6110-2251
서울특별시 동작구 사당동 1129 사당역(2호선),126.97338828084669,37.47611362661153,2호선,사당,서울특별시 동작구 남부순환로 지하2089(사당동),02-6110-2261
서울특별시 관악구 봉천동 1693-39 낙성대역(2호선),126.96461024920026,37.47666206007821,2호선,낙성대(강감찬),서울특별시 관악구 남부순환로 지하1928(봉천동),02-6110-2271
서울특별시 관악구 봉천동 979-2 서울대입구역(2호선),126.95259553211233,37.480922797330024,2호선,서울대입구(관악구청),서울특별시 관악구 남부순환로 지하1822(봉천동),02-6110-2281
서울특별시 관악구 신림동 1467-10 신림역(2호선),126.92964508188507,37.484659268305165,2호선,신림,서울특별시 관악구 남부순환로 지하1614(신림동),02-6110-2301
서울특별시 동작구 신대방동 643-1 신대방역(2호선),126.91287649097016,37.48750928777851,2호선,신대방,서울특별시 동작구 대림로 2(신대방동),02-6110-2311
서울특별시 구로구 구로동 810-3 구로디지털단지역(2호선),126.9008626048798,37.48544601545602,2호선,구로디지털단지,서울특별시 구로구 도림천로 477(구로동),02-6110-2321
서울특별시 구로구 구로동 1204 대림역(2호선),126.89480007937897,37.49336321842789,2호선,대림(구로구청),서울특별시 구로구 도림천로 351(구로동),02-6110-2331
서울특별시 구로구 신도림동 460-26 신도림역(2호선),126.89107234320724,37.508723230890546,2호선,신도림,서울특별시 구로구 새말로 지하 117-21(신도림동),02-6110-2341
서울특별시 영등포구 문래동3가 68-1 문래역(2호선),126.894728286571,37.5178620328131,2호선,문래,서울특별시 영등포구 당산로 지하28(문래동3가),02-6110-2351
서울특별시 영등포구 당산동3가 270-1 영등포구청역(2호선),126.89651107576128,37.52534872675051,2호선,영등포구청,서울특별시 영등포구 당산로 지하121(당산동3가),02-6110-2361
서울특별시 영등포구 당산동 6가 323-1 당산역(2호선),126.90614394405928,37.53255283863791,2호선,당산,서울특별시 영등포구 당산로 229(당산동6가),02-6110-2371
서울특별시 마포구 서교동 393 합정역(2호선),126.9151830497851,37.551029103629716,2호선,합정,서울특별시 마포구 양화로 지하55(서교동),02-6110-2381
서울특별시 마포구 동교동 165 홍대입구역(2호선),126.92415848619729,37.55675374373833,2호선,홍대입구,서울특별시 마포구 양화로 지하160(동교동),02-6110-2391
서울특별시 마포구 노고산동 31-11 신촌역(2호선),126.93750975017635,37.55468232763202,2호선,신촌(지하),서울특별시 마포구 신촌로 지하90(노고산동),02-6110-2401
서울특별시 마포구 염리동 8-85 이대역(2호선),126.94778839962228,37.55685481012151,2호선,이대,서울특별시 마포구 신촌로 지하180(염리동),02-6110-2411
서울특별시 마포구 아현동 354-23 아현역(2호선),126.95567165564654,37.555937236104,2호선,아현,서울특별시 마포구 신촌로 지하270(아현동),02-6110-2421
서울특별시 서대문구 충정로3가 319-1 충정로역(2호선),126.96385039699553,37.5595361388535,2호선,충정로(경기대입구),서울특별시 서대문구 서소문로 지하17(충정로3가),02-6110-2431
서울특별시 성동구 용답동 127 용답역(2호선),127.05445516828708,37.565436455516405,2호선,용답,서울특별시 성동구 용답길 86(용답동),02-6110-1341
서울특별시 성동구 용답동 129-2 신답역(2호선),127.04591835365173,37.570561292001166,2호선,신답,서울특별시 성동구 천호대로 232(용답동),02-6110-1351
서울특별시 동대문구 신설동 76-5 신설동역(2호선),127.02596646535295,37.576458754585715,2호선,신설동,서울특별시 동대문구 왕산로 지하 1(신설동),02-6110-1371
서울특별시 구로구 신도림동 323-16 도림천역(2호선),126.88295084907824,37.514290417674935,2호선,도림천,서울특별시 구로구 경인로67길 160(신도림동),02-6110-2441
서울특별시 양천구 신정동 276-7 양천구청역(2호선),126.86572204469863,37.51255816129711,2호선,양천구청,서울특별시 양천구 목동로3길 지하33(신정동),02-6110-2451
서울특별시 양천구 신정동 1231 신정네거리역(2호선),126.85362828555401,37.51833134731362,2호선,신정네거리,서울특별시 양천구 중앙로 지하261(신정동),02-6110-2461
서울특별시 동대문구 용두동 47-1 용두역(2호선),127.03819390642585,37.57596645849121,2호선,용두(동대문구청),서울특별시 동대문구 천호대로 지하129(용두동),02-6110-1361
경기도 고양시 덕양구 지축동 818-64 지축역(3호선),126.91083271312485,37.64884663441474,3호선,지축,경기도 고양시 덕양구 삼송로 300(지축동),02-6110-3191
서울특별시 은평구 진관동 67-26 구파발역(3호선),126.91881198956952,37.637150819361246,3호선,구파발,서울특별시 은평구 진관2로 지하15-25 (진관동),02-6110-3201
서울특별시 은평구 갈현동 397 연신내역(3호선),126.92088141647224,37.61900148871485,3호선,연신내,서울특별시 은평구 통일로 지하849(갈현동),02-6110-3211
서울특별시 은평구 대조동 13-10 불광역(3호선),126.92986668889455,37.61039440840224,3호선,불광,서울특별시 은평구 통일로 지하723-1(대조동),02-6110-3221
서울특별시 은평구 녹번동 55 녹번역(3호선),126.9359828053225,37.60087917563577,3호선,녹번,서울특별시 은평구 통일로 지하602-1(녹번동),02-6110-3231
서울특별시 서대문구 홍제동 161-1 홍제역(3호선),126.94584268614528,37.58731668135229,3호선,홍제,서울특별시 서대문구 통일로 지하440-1(홍제동),02-6110-3241
서울특별시 서대문구 홍제동 26-1 무악재역(3호선),126.9505757623475,37.58241916216521,3호선,무악재,서울특별시 서대문구 통일로 지하361(홍제동),02-6110-3251
서울특별시 서대문구 현저동 101 독립문역(3호선),126.95603980867767,37.574481164230804,3호선,독립문,서울특별시 서대문구 통일로 지하247(현저동),02-6110-3261
서울특별시 종로구 적선동 81-1 경복궁역(3호선),126.97320483919052,37.57576206727056,3호선,경복궁(정부서울청사),서울특별시 종로구 사직로 지하130(적선동),02-6110-3271
서울특별시 종로구 안국동 73-1 안국역(3호선),126.98508959164447,37.57702260125815,3호선,안국,서울특별시 종로구 율곡로 지하62(안국동),02-6110-3281
서울특별시 종로구 묘동 20-5 종로3가역(3호선),126.99190170663617,37.571450698745714,3호선,종로3가,서울특별시 종로구 돈화문로 지하30(묘동),02-6110-3291
서울특별시 중구 을지로3가 282-8 을지로3가역(3호선),126.9936822607441,37.56640240930581,3호선,을지로3가,서울특별시 중구 을지로 지하129(을지로3가),02-6110-3301
서울특별시 중구 필동2가 16-2 충무로역(3호선),126.9944755023148,37.56120906404675,3호선,충무로,서울특별시 중구 퇴계로 지하214(필동2가),02-6110-4231
서울특별시 중구 장충동2가 199-3 동대입구역(3호선),127.00529745806693,37.55925834356843,3호선,동대입구,서울특별시 중구 동호로 지하256(장충동2가),02-6110-3321
서울특별시 중구 신당동 369-44 약수역(3호선),127.01091834279731,37.554439745474085,3호선,약수,서울특별시 중구 다산로 지하122(신당동),02-6110-3331
서울특별시 성동구 금호동4가 1470 금호역(3호선),127.01577026479131,37.548165660159896,3호선,금호,서울특별시 성동구 동호로 지하104(금호동4가),02-6110-3341
서울특별시 성동구 옥수동 168-1 옥수역(3호선),127.01722404470951,37.539920078540305,3호선,옥수,서울특별시 성동구 동호로 21(옥수동),02-6110-3351
서울특별시 강남구 신사동 668 압구정역(3호선),127.02830752058232,37.52356009931247,3호선,압구정,서울특별시 강남구 압구정로 지하172(신사동),02-6110-3361
서울특별시 강남구 신사동 667 신사역(3호선),127.01881616709886,37.51897154781347,3호선,신사,서울특별시 강남구 도산대로 지하102(신사동),02-6110-3371
서울특별시 서초구 잠원동 100-1 잠원역(3호선),127.01174548067499,37.51306289209155,3호선,잠원,서울특별시 서초구 잠원로4길 지하46(잠원동),02-6110-3381
서울특별시 서초구 반포동 19-11 고속터미널역(3호선),127.00475326349047,37.505182733224444,3호선,고속터미널,서울특별시 서초구 신반포로 지하188(반포동),02-6110-3391
서울특별시 서초구 서초동 1748-4 교대역(3호선),127.01732110864319,37.494869355779116,3호선,"교대(법원, 검찰청)",서울특별시 서초구 서초대로 지하294(서초동),02-6110-3401
서울특별시 서초구 서초동 1748-30 남부터미널역(3호선),127.015296902816,37.486594550622534,3호선,남부터미널(예술의전당),서울특별시 서초구 서초중앙로 지하31(서초동),02-6110-3411
서울특별시 서초구 서초동 1366-9 양재역(3호선),127.03327100796304,37.48478871255944,3호선,양재(서초구청),서울특별시 서초구 남부순환로 지하2585(서초동),02-6110-3421
서울특별시 강남구 도곡동 179-2 매봉역(3호선),127.0466459440014,37.48698731740029,3호선,매봉,서울특별시 강남구 남부순환로 지하2744(도곡동),02-6110-3431
서울특별시 강남구 도곡동 339-2 도곡역(3호선),127.05499150159866,37.49071368174434,3호선,도곡,서울특별시 강남구 남부순환로 지하2814(도곡동),02-6110-3441
서울특별시 강남구 대치동 317-3 대치역(3호선),127.0632469772417,37.49451867591994,3호선,대치,서울특별시 강남구 남부순환로 지하2952(대치동),02-6110-3451
서울특별시 강남구 대치동 514-3 학여울역(3호선),127.07179754200895,37.49672331116055,3호선,학여울,서울특별시 강남구 남부순환로 지하3104(대치동),02-6110-3461
서울특별시 강남구 일원동 700-9 대청역(3호선),127.07958695946226,37.493670961743575,3호선,대청,서울특별시 강남구 일원로 지하2(일원동),02-6110-3471
서울특별시 강남구 일원동 717 일원역(3호선),127.08443881200125,37.48405310920885,3호선,일원,서울특별시 강남구 일원로 지하121(일원동),02-6110-3481
서울특별시 강남구 수서동 728 수서역(3호선),127.10040668861537,37.488352701415536,3호선,수서,서울특별시 강남구 광평로 지하270(수서동),02-6110-3491
서울특별시 송파구 가락동 184-23 가락시장역(3호선),127.11823739050217,37.49291656037441,3호선,가락시장,서울특별시 송파구 송파대로 지하257(가락동),02-6110-3501
서울특별시 송파구 가락동 10-15 경찰병원역(3호선),127.12570434843565,37.498357750136385,3호선,경찰병원,서울특별시 송파구 중대로 지하149(가락동),02-6110-3511
서울특별시 송파구 오금동 44-2 오금역(3호선),127.1263953175756,37.503258874591374,3호선,오금,서울특별시 송파구 오금로 지하321(오금동),02-6110-3521
서울특별시 노원구 상계동 111 당고개역(4호선),127.08233104705232,37.671230453856055,4호선,당고개,서울특별시 노원구 상계로 305(상계동),02-6110-4091
서울특별시 노원구 상계동 156-203 상계역(4호선),127.0737420937495,37.66116246599688,4호선,상계,서울특별시 노원구 상계로 182(상계동),02-6110-4101
서울특별시 노원구 상계동 602-5 노원역(4호선),127.06232914605272,37.65608735761785,4호선,노원,서울특별시 노원구 상계로 69-1(상계동),02-6110-4111
서울특별시 도봉구 창동 135-1 창동역(4호선),127.0475407528857,37.653668999367824,4호선,창동,서울특별시 도봉구 마들로11길 77(창동),02-6110-4121
서울특별시 도봉구 창동 703-4 쌍문역(4호선),127.03502803420179,37.64897421818273,4호선,쌍문,서울특별시 도봉구 도봉로 지하 486-1(창동),02-6110-4131
서울특별시 강북구 수유동 140 수유역(4호선),127.02722259341354,37.639822439425885,4호선,수유(강북구청),서울특별시 강북구 도봉로 지하338(수유동),02-6110-4141
서울특별시 강북구 미아동 194-1 미아역(4호선),127.02472070228688,37.62994132897778,4호선,미아(서울사이버대학),서울특별시 강북구 도봉로 지하198(미아동),02-6110-4151
서울특별시 강북구 미아동 66-1 미아사거리역(4호선),127.03002733569922,37.61512809460614,4호선,미아사거리 ,서울특별시 강북구 도봉로 지하50(미아동),02-6110-4161
서울특별시 성북구 동선동4가 1 성신여대입구역(4호선),127.01679743961165,37.593102120459776,4호선,성신여대입구(돈암),서울특별시 성북구 동소문로 지하102(동선동4가),02-6110-4181
서울특별시 성북구 삼선동1가 14 한성대입구역(4호선),127.00581011495694,37.58807415462359,4호선,한성대입구(삼선교),서울특별시 성북구 삼선교로 지하1(삼선동1가),02-6110-4191
서울특별시 종로구 명륜4가 96-5 혜화역(4호선),127.00177686245729,37.58219181865668,4호선,혜화,서울특별시 종로구 대학로 지하120(명륜4가),02-6110-4201
서울특별시 종로구 종로6가 287-1 동대문역(4호선),127.00951644803524,37.57057353798165,4호선,동대문,서울특별시 종로구 율곡로 지하308(종로6가),02-6110-4211
서울특별시 중구 광희동2가 9 동대문역사문화공원역(4호선),127.0072567744177,37.56451439822429,4호선,동대문역사문화공원(DDP),서울특별시 중구 장충단로 지하230(광희동2가),02-6110-4221
서울특별시 중구 필동2가 16-2 충무로역(4호선),126.9944755023148,37.56120906404675,4호선,충무로,서울특별시 중구 퇴계로 지하214(필동2가),02-6110-4231
서울특별시 중구 충무로2가 109-2 명동역(4호선),126.98573268089424,37.56085122284385,4호선,명동,서울특별시 중구 퇴계로 지하126(충무로2가),02-6110-4241
서울특별시 중구 남창동 64-1 회현역(4호선),126.97726579723081,37.5590649207668,4호선,회현(남대문시장),서울특별시 중구 퇴계로 지하54(남창동),02-6110-4251
서울특별시 용산구 동자동 14-151 서울역 (4호선),126.97280175236627,37.5531212223581,4호선,서울,서울특별시 용산구 한강대로 지하392(동자동),02-6110-4261
서울특별시 용산구 갈월동 16-7 숙대입구역(4호선),126.97193304702314,37.545584369637226,4호선,숙대입구(갈월),서울특별시 용산구 한강대로 지하306(갈월동),02-6110-4271
서울특별시 용산구 한강로1가 228-1 삼각지역(4호선),126.97306304108558,37.53443527493232,4호선,삼각지,서울특별시 용산구 한강대로 지하180(한강로1가),02-6110-4281
서울특별시 용산구 한강로2가 181 신용산역(4호선),126.96802942474334,37.529237996972206,4호선,신용산,서울특별시 용산구 한강대로 지하112(한강로2가),02-6110-4291
서울특별시 용산구 용산동5가 17-112 이촌역(4호선),126.97529872462472,37.521966316931604,4호선,이촌(국립중앙박물관),서울특별시 용산구 서빙고로 지하83(용산동5가),02-6110-4301
서울특별시 동작구 동작동 327-1 동작역(4호선),126.98003103038873,37.502794446120994,4호선,동작(현충원),서울특별시 동작구 현충로 257(동작동),02-6110-4311
서울특별시 동작구 사당동 736-1 총신대입구(이수)역(4호선),126.98227697302903,37.48816344653054,4호선,총신대입구(이수),서울특별시 동작구 동작대로 지하117(사당동),02-6110-4321
서울특별시 동작구 사당동 588-44 사당역(4호선),126.98163128362717,37.476909774212615,4호선,사당,서울특별시 동작구  동작대로 지하3(사당동),02-6110-4331
서울특별시 서초구 방배동 2909 남태령역(4호선),126.98927987255419,37.464409539066736,4호선,남태령,서울특별시 서초구 과천대로 지하816(방배동),02-6110-4341
서울특별시 강서구 방화동 829-15 방화역(5호선),126.81266272024443,37.57727059528708,5호선,방화,서울특별시 강서구 금낭화로 지하132(방화동),02-6311-5101
서울특별시 강서구 방화동 846 개화산역(5호선),126.80573003779573,37.57233556637786,5호선,개화산,서울특별시 강서구 양천로 22(방화동),02-6311-5111
서울특별시 강서구 방화동 886 김포공항역(5호선),126.80295629724978,37.56680557870223,5호선,김포공항,서울특별시 강서구 하늘길 지하77(방화동),02-6311-5121
서울특별시 강서구 공항동 29-5 송정역(5호선),126.81055344845655,37.56147269586097,5호선,송정,서울특별시 강서구 공항대로 지하33(공항동),02-6311-5131
서울특별시 강서구 마곡동 769-3 마곡역(5호선),126.82481516761638,37.56030052001876,5호선,마곡,서울특별시 강서구 공항대로 지하163(마곡동),02-6311-5141
서울특별시 강서구 마곡동 727-1496 발산역(5호선),126.83696331789548,37.55893833925971,5호선,발산,서울특별시 강서구 공항대로 지하267(마곡동),02-6311-5151
서울특별시 강서구 화곡동 1089-3 우장산역(5호선),126.83641327415941,37.54892715617271,5호선,우장산,서울특별시 강서구 강서로 지하262(화곡동),02-6311-5161
서울특별시 강서구 화곡동 1089-54 화곡역(5호선),126.84084596901616,37.54112157445881,5호선,화곡,서울특별시 강서구 화곡로 지하168(화곡동),02-6311-5171
서울특별시 강서구 화곡동 662-5 까치산역(5호선),126.84622407637504,37.53258360321953,5호선,까치산,서울특별시 강서구 강서로 지하54(화곡동),02-6311-5181
서울특별시 양천구 신정동 1090 신정역(5호선),126.85373101667304,37.52468854839453,5호선,신정(은행정),서울특별시 양천구 오목로 지하179(신정동),02-6311-5191
서울특별시 양천구 목동 926-3 목동역(5호선),126.86589343188112,37.52603246774737,5호선,목동,서울특별시 양천구 오목로 지하245(목동),02-6311-5201
서울특별시 양천구 목동 406-30 오목교역(5호선),126.87488069512946,37.52456500701658,5호선,오목교(목동운동장앞),서울특별시 양천구 오목로 지하342(목동),02-6311-5211
서울특별시 영등포구 양평동2가 33-79 양평역(5호선),126.88609425175002,37.52521667922339,5호선,양평,서울특별시 영등포구 양산로 지하21(양평동2가),02-6311-5221
서울특별시 영등포구 당산동3가 556-1 영등포구청역(5호선),126.89426583030894,37.52440787571844,5호선,영등포구청,서울특별시 영등포구 양산로 지하116(당산동3가),02-6311-5231
서울특별시 영등포구 영등포동5가 62-1 영등포시장역(5호선),126.90528967219188,37.52218322726378,5호선,영등포시장,서울특별시 영등포구 양산로 지하200(영등포동5가),02-6311-5241
서울특별시 영등포구 영등포동1가 35 신길역(5호선),126.91459956659163,37.51772036156411,5호선,신길,서울특별시 영등포구 경인로114가길 지하9(영등포동1가),02-6311-5251
서울특별시 영등포구 여의도동 3 여의도역(5호선),126.9265137386989,37.523094430512316,5호선,여의도,서울특별시 영등포구 여의나루로 지하40(여의도동),02-6311-5261
서울특별시 영등포구 여의도동 84-4 여의나루역(5호선),126.93229703459717,37.52826077166671,5호선,여의나루,서울특별시 영등포구 여의동로 지하343(여의도동),02-6311-5271
서울특별시 마포구 도화동 160 마포역(5호선),126.94485656703787,37.53867766506842,5호선,마포,서울특별시 마포구 마포대로 지하33(도화동),02-6311-5281
서울특별시 마포구 공덕동 423-29 공덕역(5호선),126.95121364689737,37.5445102809178,5호선,공덕,서울특별시 마포구 마포대로 지하100(공덕동),02-6311-5291
서울특별시 마포구 아현동 612 애오개역(5호선),126.95648075904414,37.55397366478634,5호선,애오개,서울특별시 마포구 마포대로 지하210(아현동),02-6311-5301
서울특별시 서대문구 충정로3가 248-1 충정로역(5호선),126.96328984444074,37.56071431037026,5호선,충정로(경기대입구),서울특별시 서대문구 충정로 지하 28-1(충정로3가),02-6311-5311
서울특별시 종로구 평동 210 서대문역(5호선),126.96694531216497,37.56618064500036,5호선,서대문,서울특별시 종로구 통일로 지하126(평동),02-6311-5321
서울특별시 종로구 세종로 1-68 5호선 광화문역(5호선),126.9769157235392,37.57249944447308,5호선,광화문(세종문화회관),서울특별시 종로구 세종대로 지하172(세종로),02-6311-5331
서울특별시 종로구 돈의동 39-1 5호선 종로3가역(5호선),126.99034167215973,37.57255294150529,5호선,종로3가(탑골공원),서울특별시 종로구 돈화문로11길 지하 26(돈의동),02-6311-5341
서울특별시 중구 주교동 191 을지로4가역(5호선),126.99803206617884,37.567433312265095,5호선,을지로4가,서울특별시 중구 창경궁로 지하51(주교동),02-6311-5351
서울특별시 중구 광희동1가 235-6 동대문역사문화공원역(5호선),127.00623511761606,37.564605098120495,5호선,동대문역사문화공원(DDP),서울특별시 중구 마른내로 지하162(광희동1가),02-6311-5361
서울특별시 중구 신당동 295-2 청구역(5호선),127.0138510701361,37.560311135351554,5호선,청구,서울특별시 중구 청구로 지하77(신당동),02-6311-5371
서울특별시 성동구 금호동2가 223-1 신금호역(5호선),127.01993837175019,37.554948698863384,5호선,신금호,서울특별시 성동구 금호로 지하154(금호동2가),02-6311-5381
서울특별시 성동구 행당동 192 왕십리역(5호선),127.03714332055517,37.562613763158836,5호선,왕십리(성동구청),서울특별시 성동구 왕십리로 지하300(행당동),02-6311-5401
서울특별시 성동구 마장동 804 마장역(5호선),127.04451808369473,37.567204799896416,5호선,마장,서울특별시 성동구 마장로 지하296(마장동),02-6311-5411
서울특별시 성동구 용답동 99 답십리역(5호선),127.05229031968503,37.56689918916539,5호선,답십리,서울특별시 성동구 천호대로 지하300(용답동),02-6311-5421
서울특별시 동대문구 장안동 472-3 장한평역(5호선),127.05829705576473,37.56283096720627,5호선,장한평,서울특별시 동대문구 천호대로 지하405(장안동),02-6311-5431
서울특별시 광진구 능동 275-5 군자(능동)역(5호선),127.08080757490575,37.556623132660306,5호선,군자(능동),서울특별시 광진구 천호대로 지하550(능동),02-6311-5441
서울특별시 광진구 능동 256-16 5호선 아차산역(5호선),127.08716759429262,37.55404467878992,5호선,아차산(어린이대공원후문),서울특별시 광진구 천호대로 지하657(능동),02-6311-5451
서울특별시 광진구 광장동 237 광나루역(5호선),127.10350483065346,37.54521596350433,5호선,광나루(장신대),서울특별시 광진구 아차산로 지하571(광장동),02-6311-5461
서울특별시 강동구 천호동 455 천호역(5호선),127.12510964987322,37.53850964433742,5호선,천호(풍납토성),서울특별시 강동구 천호대로 지하997(천호동),02-6311-5471
서울특별시 강동구 천호동 447 강동역(5호선),127.1341493959259,37.535801612759855,5호선,강동,서울특별시 강동구 천호대로 지하1097(천호동),02-6311-5481
서울특별시 강동구 길동 378 길동역(5호선),127.13970874653009,37.538610651228666,5호선,길동,서울특별시 강동구 양재대로 지하1480(길동),02-6311-5491
서울특별시 강동구 명일동 345-12 굽은다리역(5호선),127.14317766077738,37.54606880616424,5호선,굽은다리(강동구민회관앞),서울특별시 강동구 양재대로 지하1572(명일동),02-6311-5501
서울특별시 강동구 명일동 312 명일역(5호선),127.1428914705283,37.55357089027942,5호선,명일,서울특별시 강동구 양재대로 지하1632(명일동),02-6311-5511
서울특별시 강동구 고덕동 310 고덕역(5호선),127.15395765431595,37.555479341651704,5호선,고덕,서울특별시 강동구 고덕로 지하253(고덕동),02-6311-5521
서울특별시 강동구 상일동 148 상일동역(5호선),127.15695552602782,37.554441753815745,5호선,상일동,서울특별시 강동구 고덕로 지하359(상일동),02-6311-5531
서울특별시 송파구 방이동 89-28 올림픽공원역(5호선),127.13097514766757,37.51626838285428,5호선,올림픽공원(한국체대),서울특별시 송파구 양재대로 지하1233(방이동),02-6311-5551
서울특별시 송파구 방이동 217-2 방이역(5호선),127.12504572928987,37.50728250100633,5호선,방이,서울특별시 송파구 양재대로 지하1127(방이동),02-6311-5561
서울특별시 송파구 오금동 44-2 오금역(5호선),127.1263953175756,37.503258874591374,5호선,오금,서울특별시 송파구 오금로 지하321(오금동),02-6110-3521
서울특별시 송파구 가락동 165-2 개롱역(5호선),127.13306592811344,37.49893283410732,5호선,개롱,서울특별시 송파구 오금로 지하402(가락동),02-6311-5581
서울특별시 송파구 거여동 20-14 거여역(5호선),127.14194980431802,37.49428691489842,5호선,거여,서울특별시 송파구 오금로 지하499(거여동),02-6311-5591
서울특별시 송파구 마천동 307-4 마천역(5호선),127.15184620409948,37.49435059226771,5호선,마천,서울특별시 송파구 마천로57길 지하7(마천동),02-6311-5601
서울특별시 강동구 상일동 산73 강일역(5호선),127.17615876042287,37.55609507668983,5호선,강일,서울특별시 강동구 고덕로 지하456(강일동),02-6311-5611
경기도 하남시 망월동 1122 미사역(5호선),127.1916457838173,37.56600220390679,5호선,미사,경기도 하남시 미사강변동로 지하90(망월동),02-6311-5621
경기도 하남시 덕풍동 727-3 하남풍산역(5호선),127.20478693401063,37.55328686420194,5호선,하남풍산,경기도 하남시 덕풍서로 지하50(덕풍동),02-6311-5631
경기도 하남시 덕풍동 405-1 하남시청(덕풍신장)역(5호선),127.20621580402101,37.54185203575889,5호선,하남시청(덕풍?신장),경기도 하남시 하남대로 지하820(덕풍동),02-6311-5641
경기도 하남시 창우동 526 하남검단산역(5호선),127.22442692107758,37.53954961408722,5호선,하남검단산,경기도 하남시 대청로 지하100(창우동),02-6311-5651
서울특별시 은평구 신사동 22-15 응암역(6호선),126.91544342045918,37.598077146177516,6호선,응암,서울특별시 은평구 증산로 지하477(신사동),02-6311-6101
서울특별시 은평구 녹번동 153-31 역촌역(6호선),126.9236973783095,37.605399705314106,6호선,역촌,서울특별시 은평구 서오릉로 지하63(녹번동),02-6311-6111
서울특별시 은평구 대조동 13-10 불광역(6호선),126.92986668889455,37.61039440840224,6호선,불광,서울특별시 은평구 통일로 지하723-1(대조동),02-6311-6121
서울특별시 은평구 불광동 13-33 독바위역(6호선),126.93284542712475,37.61840911212457,6호선,독바위,서울특별시 은평구 불광로 지하129-1(불광동),02-6311-6131
서울특별시 은평구 갈현동 397 연신내역(6호선),126.92088141647224,37.61900148871485,6호선,연신내,서울특별시 은평구 통일로 지하849(갈현동),02-6110-3211
서울특별시 은평구 구산동 1 구산역(6호선),126.9168148963698,37.611208567651595,6호선,구산,서울특별시 은평구 연서로 지하137-1(구산동),02-6311-6151
서울특별시 은평구 신사동 337-5 새절역(6호선),126.91328471274502,37.59115791034631,6호선,새절(신사),서울특별시 은평구 증산로 지하400(신사동),02-6311-6161
서울특별시 은평구 증산동 199-8 증산역(6호선),126.90949699392108,37.58375501734778,6호선,증산(명지대앞),서울특별시 은평구 증산로 지하306(증산동),02-6311-6171
서울특별시 은평구 증산동 223-25 디지털미디어시티역(6호선),126.90215560381245,37.57744563083267,6호선,디지털미디어시티,서울특별시 은평구 수색로 지하175(증산동),02-6311-6181
서울특별시 마포구 성산동 420 월드컵경기장역(6호선),126.89886211602895,37.570016162878375,6호선,월드컵경기장(성산),서울특별시 마포구 월드컵로 지하240(성산동),02-6311-6191
서울특별시 마포구 성산동 592 마포구청역(6호선),126.90289245021866,37.56444807806605,6호선,마포구청,서울특별시 마포구 월드컵로 지하190(성산동),02-6311-6201
서울특별시 마포구 망원동 378 망원역(6호선),126.90975796113594,37.555584221905825,6호선,망원,서울특별시 마포구 월드컵로 지하77(망원동),02-6311-6211
서울특별시 마포구 합정동 414 합정역(6호선),126.91452657530604,37.54948920372114,6호선,합정,서울특별시 마포구 양화로 지하45(합정동),02-6311-6221
서울특별시 마포구 상수동 309-10 상수역(6호선),126.92251015693307,37.548107185230805,6호선,상수,서울특별시 마포구 독막로 지하85(상수동),02-6311-6231
서울특별시 마포구 창전동 145-17 광흥창역(6호선),126.93250669279146,37.54747744227951,6호선,광흥창(서강),서울특별시 마포구 독막로 지하165(창전동),02-6311-6241
서울특별시 마포구 대흥동 128-1 대흥역(6호선),126.94238269853761,37.547734414637404,6호선,대흥(서강대앞),서울특별시 마포구 대흥로 지하85(대흥동),02-6311-6251
서울특별시 용산구 효창동 80 효창공원앞역(6호선),126.96097804682839,37.53961926026922,6호선,효창공원앞,서울특별시 용산구 백범로 지하287(효창동),02-6311-6271
서울특별시 용산구 한강로1가 228-1 삼각지역(6호선),126.97306304108558,37.53443527493232,6호선,삼각지,서울특별시 용산구 한강대로 지하185(한강로1가),02-6311-6281
서울특별시 용산구 용산동4가 4 녹사평역(6호선),126.9855141161479,37.53449606363205,6호선,녹사평(용산구청),서울특별시 용산구 녹사평대로 지하195(용산동4가),02-6311-6291
서울특별시 용산구 이태원동 119-23 이태원역(6호선),126.99472873491897,37.53455112020224,6호선,이태원,서울특별시 용산구 이태원로 지하177(이태원동),02-6311-6301
서울특별시 용산구 한남동 726-494 한강진역(6호선),127.0018631787887,37.5408402610025,6호선,한강진,서울특별시 용산구 이태원로 지하287(한남동),02-6311-6311
서울특별시 중구 신당동 366-454 버티고개역(6호선),127.00703822719713,37.54813854385839,6호선,버티고개,서울특별시 중구 다산로 지하38(신당동),02-6311-6321
서울특별시 중구 신당동 369-2 약수역(6호선),127.01059913754078,37.555062942722735,6호선,약수,서울특별시 중구 다산로 지하115(신당동),02-6311-6331
서울특별시 중구 신당동 295-2 청구역(6호선),127.0138510701361,37.560311135351554,6호선,청구,서울특별시 중구 청구로 지하77(신당동),02-6311-5371
서울특별시 중구 흥인동 162-1 신당역(6호선),127.01605670518353,37.56754888535274,6호선,신당,서울특별시 중구 다산로 지하260(흥인동),02-6311-6351
서울특별시 종로구 숭인동 316-3 동묘앞역(6호선),127.01581071545965,37.57164022999209,6호선,동묘앞,서울특별시 종로구 지봉로 지하24(숭인동),02-6311-6361
서울특별시 종로구 창신동 20-8 창신역(6호선),127.01521522728981,37.579513978620895,6호선,창신,서울특별시 종로구 지봉로 지하112(창신동),02-6311-6371
서울특별시 성북구 보문동1가 127-1 보문역(6호선),127.01970466941673,37.58588770227294,6호선,보문,서울특별시 성북구 보문로 지하116(보문동1가),02-6311-6381
서울특별시 성북구 안암동5가 146-1 안암역(6호선),127.02936920194827,37.58607760498416,6호선,안암(고대병원앞),서울특별시 성북구 고려대로 지하89(안암동5가),02-6311-6391
서울특별시 성북구 종암동 29-18 고려대역(6호선),127.03621268279933,37.59035802985386,6호선,고려대(종암),서울특별시 성북구 종암로 지하1(종암동),02-6311-6401
서울특별시 성북구 하월곡동 35-1 월곡역(6호선),127.04142565021698,37.60181950985293,6호선,월곡(동덕여대),서울특별시 성북구 월곡로 지하107(하월곡동),02-6311-6411
서울특별시 성북구 상월곡동 26-1 상월곡역(6호선),127.04971771349707,37.60702502221486,6호선,상월곡(한국과학기술연구원),서울특별시 성북구 화랑로 지하157(상월곡동),02-6311-6421
서울특별시 성북구 석관동 349-8 돌곶이역(6호선),127.05728370525242,37.61057441862437,6호선,돌곶이,서울특별시 성북구 화랑로 지하243(석관동),02-6311-6431
서울특별시 노원구 월계동 25-2 석계역(6호선),127.06684422771515,37.61527896743669,6호선,석계,서울특별시 노원구 화랑로 지하 347-1(월계동) ,02-6311-6441
서울특별시 노원구 공릉동 616-4 태릉입구역(6호선),127.07510527564455,37.619236142711216,6호선,태릉입구,서울특별시 노원구 동일로 지하 992-1(공릉동),02-6311-7171
서울특별시 노원구 공릉동 285-2 화랑대역(6호선),127.08323556026292,37.6198836949266,6호선,화랑대(서울여대입구),서울특별시 노원구 화랑로 지하510(공릉동),02-6311-6461
서울특별시 중랑구 신내동 643-1 봉화산역(6호선),127.09339472745626,37.61643829499087,6호선,봉화산(서울의료원),서울특별시 중랑구 신내로 지하232(신내동),02-6311-6471
서울특별시 중랑구 신내동 19 신내역(6호선),127.11143321055822,37.61163375239249,6호선,신내,서울특별시 중랑구 용마산로136길 33 신내차량기지,02-6311-6481
경기도 의정부시 장암동 160-8 장암역(7호선),127.05297206682162,37.70030233497987,7호선,장암,경기도 의정부시 동일로 121(장암동),02-6311-7091
서울특별시 도봉구 도봉동 38-3 도봉산역(7호선),127.04668805912539,37.68904770342071,7호선,도봉산,서울특별시 도봉구 도봉로 964-40(도봉동),02-6311-7101
서울특별시 노원구 상계동 1132-9 수락산역(7호선),127.055328881841,37.677380104977615,7호선,수락산,서울특별시 노원구 동일로 지하1662(상계동),02-6311-7111
서울특별시 노원구 상계동 650 마들역(7호선),127.05695822124937,37.6678431107556,7호선,마들,서울특별시 노원구 동일로 지하1530-1(상계동),02-6311-7121
서울특별시 노원구 상계동 729 노원역(7호선),127.06075439392109,37.653657683751604,7호선,노원,서울특별시 노원구 동일로 지하1409(상계동),02-6311-7131
서울특별시 노원구 중계동 503-3 중계역(7호선),127.06548436352296,37.64204264649835,7호선,중계,서울특별시 노원구 동일로 지하1308-1(중계동),02-6311-7141
서울특별시 노원구 하계동 273-5 하계역(7호선),127.0685037773294,37.63524429300291,7호선,하계,서울특별시 노원구 동일로 지하1196(하계동),02-6311-7151
서울특별시 노원구 공릉동 385-4 공릉역(7호선),127.07284908695429,37.625915880624966,7호선,공릉(서울과학기술대),서울특별시 노원구 동일로 지하1074(공릉동),02-6311-7161
서울특별시 노원구 공릉동 616-4 태릉입구역(7호선),127.07510527564455,37.619236142711216,7호선,태릉입구,서울특별시 노원구 동일로 지하 992-1(공릉동),02-6311-7171
서울특별시 중랑구 묵동 189-5 먹골역(7호선),127.0776995672094,37.61083302271943,7호선,먹골,서울특별시 중랑구 동일로 지하901(묵동),02-6311-7181
서울특별시 중랑구 중화동 50-3 중화역(7호선),127.07942017725179,37.60180160733883,7호선,중화,서울특별시 중랑구 동일로 지하797(중화동),02-6311-7191
서울특별시 중랑구 상봉동 100-9 상봉역(7호선),127.08603282532421,37.59676898085492,7호선,상봉,서울특별시 중랑구 망우로 297(상봉동),02-6311-7201
서울특별시 중랑구 면목동 282-6 면목역(7호선),127.08734980660896,37.589258522158836,7호선,면목,서울특별시 중랑구 면목로 지하407(면목동) ,02-6311-7211
서울특별시 중랑구 면목동 495 사가정역(7호선),127.08855927880265,37.58250390786057,7호선,사가정,서울특별시 중랑구 사가정로 지하393(면목동),02-6311-7221
서울특별시 중랑구 면목동 1316-5 용마산역(7호선),127.08705399586933,37.57402237086739,7호선,용마산(용마폭포공원),서울특별시 중랑구 용마산로 지하227(면목동),02-6311-7231
서울특별시 광진구 능동 275-5 군자(능동)역(7호선),127.08080757490575,37.556623132660306,7호선,군자(능동),서울특별시 광진구 천호대로 지하550(능동),02-6311-5441
서울특별시 광진구 화양동 164-1 어린이대공원역(7호선),127.07397268892478,37.54715470053081,7호선,어린이대공원(세종대),서울특별시 광진구 능동로 지하210(화양동),02-6311-7261
서울특별시 광진구 화양동 6-3 건대입구역(7호선),127.06911719088178,37.540550412410255,7호선,건대입구,서울특별시 광진구 능동로 지하110(화양동),02-6311-7271
서울특별시 광진구 자양동 73-2 자양(뚝섬유원지)역(7호선),127.06702448959805,37.5319881410925,7호선,자양(뚝섬유원지),서울특별시 광진구 능동로 10(자양동),02-6311-7281
서울특별시 강남구 청담동 77-76 청담역(7호선),127.04925753947094,37.518738881541005,7호선,청담,서울특별시 강남구 학동로 지하508(청담동),02-6311-7291
서울특별시 강남구 삼성동 111-44 강남구청역(7호선),127.04697000855646,37.51817161607184,7호선,강남구청,서울특별시 강남구 학동로 지하346(삼성동),02-6311-7301
서울특별시 강남구 논현동 279-67 학동역(7호선),127.0312680342915,37.51414350221336,7호선,학동,서울특별시 강남구 학동로 지하180(논현동),02-6311-7311
서울특별시 강남구 논현동 279-67 논현역(7호선),127.0312680342915,37.51414350221336,7호선,논현,서울특별시 강남구 학동로 지하102(논현동),02-6311-7321
서울특별시 서초구 잠원동 103 반포역(7호선),127.01186004690787,37.508311621928726,7호선,반포,서울특별시 서초구 신반포로 지하241(잠원동),02-6311-7331
서울특별시 서초구 반포동 19-11 고속터미널역(7호선),127.00475326349047,37.505182733224444,7호선,고속터미널,서울특별시 서초구 신반포로 지하188(반포동),02-6311-7341
서울특별시 서초구 방배동 874-16 내방역(7호선),126.9932634544063,37.48828089969233,7호선,내방,서울특별시 서초구 서초대로 지하103(방배동),02-6311-7351
서울특별시 동작구 사당동 144-4 이수역(7호선),126.98188662628235,37.485543295922284,7호선,이수,서울특별시 동작구 사당로 지하310(사당동),02-6311-7361
서울특별시 동작구 사당동 산25-33 남성역(7호선),126.9709604684534,37.484785623107314,7호선,남성,서울특별시 동작구 사당로 지하218(사당동),02-6311-7371
서울특별시 동작구 상도동 514 숭실대입구역(7호선),126.95416155731704,37.49581016777324,7호선,숭실대입구(살피재),서울특별시 동작구 상도로 지하378(상도동),02-6311-7381
서울특별시 동작구 상도1동 702-1 상도역(중대입구역)(7호선),126.94728006151192,37.50352576178541,7호선,상도,서울특별시 동작구 상도로 지하272(상도1동),02-6311-7391
서울특별시 동작구 상도동 26-20 장승배기역(7호선),126.93809403060375,37.50431934758803,7호선,장승배기,서울특별시 동작구 상도로 지하188(상도동) ,02-6311-7401
서울특별시 동작구 대방동 406-10 신대방삼거리역(7호선),126.92812153720998,37.4994640600531,7호선,신대방삼거리,서울특별시 동작구 상도로 지하76(대방동),02-6311-7411
서울특별시 동작구 대방동 466-51 보라매역(7호선),126.92033649646487,37.49927309538298,7호선,보라매,서울특별시 동작구 상도로 지하2(대방동),02-6311-7421
서울특별시 영등포구 신길동 3599 신풍역(7호선),126.90938010612984,37.50032113384815,7호선,신풍,서울특별시 영등포구 신풍로 지하27(신길동),02-6311-7431
서울특별시 영등포구 대림동 1050-17 대림역(7호선),126.89673819932008,37.49282202822974,7호선,대림(구로구청),서울특별시 영등포구 도림로 지하137(대림동),02-6311-7441
서울특별시 구로구 구로동 801-95 남구로역(7호선),126.88664431591862,37.4849218709849,7호선,남구로,서울특별시 구로구 도림로 지하7(구로동) ,02-6311-7451
서울특별시 금천구 가산동 468-4 가산디지털단지역(7호선),126.8823024121365,37.48228273101729,7호선,가산디지털단지,서울특별시 금천구 벚꽃로 309(가산동),02-6311-7461
경기도 광명시 철산동 526 철산역(7호선),126.87012501267347,37.476752798602575,7호선,철산,경기도 광명시 철산로 지하13(철산동),02-6311-7471
경기도 광명시 광명동 158-211 광명사거리역(7호선),126.8530747483328,37.479803160963414,7호선,광명사거리,경기도 광명시 오리로 지하980(광명동),02-6311-7481
서울특별시 구로구 천왕동 14-25 천왕역(7호선),126.83841422345097,37.48710094606619,7호선,천왕,서울특별시 구로구 오리로 지하1154(천왕동),02-6311-7491
서울특별시 구로구 온수동 119 온수역(7호선),126.8214750096839,37.49141104008795,7호선,온수(성공회대입구),서울특별시 구로구 경인로3길 지하64(온수동),02-6311-7501
서울특별시 강동구 암사동 501 암사역(8호선),127.12822120984104,37.55121223468895,8호선,암사,서울특별시 강동구 올림픽로 지하776(암사동),02-6311-8101
서울특별시 강동구 암사동 378 암사역사공원역(8호선),127.13803105859878,37.557291477694335,8호선,암사역사공원역,서울시 강동구 아리수로 27번길 2,02-6311-8091
서울특별시 강동구 천호동 455 천호역(8호선),127.12510964987322,37.53850964433742,8호선,천호(풍납토성),서울특별시 강동구 천호대로 지하997(천호동),02-6311-5471
서울특별시 강동구 성내동 319 강동구청역(8호선),127.12117299595158,37.53131180649334,8호선,강동구청,서울특별시 강동구 올림픽로 지하550(성내동),02-6311-8121
서울특별시 송파구 신천동 19 몽촌토성역(8호선),127.11019060957528,37.51679126301966,8호선,몽촌토성(평화의문),서울특별시 송파구 올림픽로 지하383(신천동),02-6311-8131
서울특별시 송파구 신천동 7-4 잠실역(8호선),127.10413289627523,37.51494267075448,8호선,잠실(송파구청),서울특별시 송파구 올림픽로 305(신천동),02-6311-8141
서울특별시 송파구 석촌동 209 석촌역(8호선),127.10557918911707,37.506782024509704,8호선,석촌,서울특별시 송파구 송파대로 지하439(석촌동),02-6311-8151
서울특별시 송파구 가락동 459-4 송파역(8호선),127.11223015734888,37.49976091636273,8호선,송파,서울특별시 송파구 송파대로 지하354(가락동),02-6311-8161
서울특별시 송파구 가락동 184-23 가락시장역(8호선),127.11823739050217,37.49291656037441,8호선,가락시장,서울특별시 송파구 송파대로 지하257(가락동),02-6311-8171
서울특별시 송파구 문정동 119-4 문정역(8호선),127.12115736932373,37.4881489167325,8호선,문정,서울특별시 송파구 송파대로 지하179(문정동),02-6311-8181
서울특별시 송파구 장지동 201-5 장지역(8호선),127.12655358873576,37.477627817667894,8호선,장지,서울특별시 송파구 송파대로 지하82(장지동),02-6311-8191
서울특별시 송파구 장지동 596-21 복정역(8호선),127.1267295922807,37.47074703628445,8호선,복정,서울특별시 송파구 송파대로 지하6(장지동),02-6311-8201
경기도 성남시 수정구 복정동 57 남위례역(8호선),127.13913331803803,37.46307663903899,8호선,남위례,경기도 성남시 수정구 공원로 601(복정동),02-6311-8211
경기도 성남시 수정구 신흥동 7 산성역(8호선),127.14968543226065,37.454004758251365,8호선,산성,경기도 성남시 수정구 수정로 지하365(신흥동),02-6311-8221
경기도 성남시 수정구 단대동 96 남한산성입구역(8호선),127.15884908384486,37.44973121436482,8호선,남한산성입구(성남법원?검찰청),경기도 성남시 수정구 산성대로 지하445(단대동),02-6311-8231
경기도 성남시 수정구 신흥동 2467 단대오거리역(8호선),127.14844637428894,37.444541108703135,8호선,단대오거리,경기도 성남시 수정구 산성대로 지하365(신흥동),02-6311-8241
경기도 성남시 수정구 신흥동 2467 신흥역(8호선),127.14844637428894,37.444541108703135,8호선,신흥,경기도 성남시 수정구 산성대로 지하280(신흥동),02-6311-8251
경기도 성남시 수정구 수진동 2205-1 수진역(8호선),127.14063975084773,37.437751088880646,8호선,수진,경기도 성남시 수정구 산성대로 지하200(수진동),02-6311-8261
경기도 성남시 수정구 수진동 4518 모란역(8호선),127.12957278842973,37.43426417792802,8호선,모란,경기도 성남시 수정구 산성대로 지하100(수진동),02-6311-8271
서울특별시 강남구 논현동 279-165 언주역(9호선),127.03408974086335,37.507459850808964,9호선,언주,서울특별시 강남구 봉은사로 지하201(논현동),02-2656-0926
서울특별시 강남구 삼성동 111-114 선정릉역(9호선),127.04347387653668,37.511490583110884,9호선,선정릉,서울특별시 강남구 선릉로 지하580(삼성동),02-2656-0927
서울특별시 강남구 삼성동 111-147 삼성중앙역(9호선),127.04829299632155,37.5115782422902,9호선,삼성중앙,서울특별시 강남구 봉은사로 지하501(삼성동),02-2656-0928
서울특별시 강남구 삼성동 172 봉은사역(9호선),127.06334184833011,37.51481029016801,9호선,봉은사,서울특별시 강남구 봉은사로 지하601(삼성동),02-2656-0929
서울특별시 송파구 잠실동 123 종합운동장역(9호선),127.07686559072803,37.51154586681335,9호선,종합운동장,서울특별시 송파구 올림픽로 49(잠실동),02-2656-0930
서울특별시 송파구 잠실동 347 삼전역(9호선),127.08762480874552,37.5040240900607,9호선,삼전,서울특별시 송파구 백제고분로 지하189(잠실동),02-2656-0931
서울특별시 송파구 삼전동 157-1 석촌고분역(9호선),127.09694594677168,37.503187354051406,9호선,석촌고분,서울특별시 송파구 백제고분로 지하274(삼전동),02-2656-0932
서울특별시 송파구 석촌동 209 석촌역(9호선),127.10557918911707,37.506782024509704,9호선,석촌,서울특별시 송파구 송파대로 지하439(석촌동),02-2656-0933
서울특별시 송파구 방이동 2 송파나루역(9호선),127.1127936831653,37.511070749365246,9호선,송파나루,서울특별시 송파구 백제고분로 지하446(방이동),02-2656-0934
서울특별시 송파구 방이동 88-17 한성백제역(9호선),127.11343167007695,37.518169255351694,9호선,한성백제,서울특별시 송파구 위례성대로 지하29(방이동),02-2656-0935
서울특별시 송파구 방이동 89-28 올림픽공원역(9호선),127.13097514766757,37.51626838285428,9호선,올림픽공원(한국체대),서울특별시 송파구 양재대로 지하1233(방이동),02-2656-0936
서울특별시 강동구 둔촌동 227-7 둔촌오륜역(9호선),127.14055711635882,37.518549612102994,9호선,둔촌오륜,서울특별시 강동구 강동대로 지하303(둔촌동),02-2656-0937
서울특별시 강동구 둔촌동 8-1 중앙보훈병원역(9호선),127.14834880144522,37.528334424738375,9호선,중앙보훈병원,서울특별시 강동구 동남로 지하625(둔촌동),02-2656-0938
